"id","condition","TBD1","TBD2","CJR1","PJR1","OTP1","COA1","COA2","COA3","RO1","TRM1","TRM2","TRM3","TRM4","TWC1","TWC2","TWC3","TWC4","TWC5","GA1","GA2","GA3","GA4","GA5","IP1","IP2","IP3","IP4","IP5","PRS1","PRS2","PRS3","PRS4","PRS5","OCP1","OCP2","OCP3","OCP4","OCP5","OCP6","OCP7","OCP8","OCP9","OCP10","OCP11","OCP12","OCP13","OCP14","OCP15","OCP16"
1,"AVI",1,1,2,1,1,1,4,1,4,1,1,1,1,1,1,1,1,1,1,1,1,1,1,2,1,1,1,1,3,3,1,2,2,1,1,3,1,2,1,1,1,1,1,1,1,3,1,1,1
1,"Traditional",4,3,2,3,3,3,5,3,4,4,5,4,5,5,5,5,5,5,4,4,5,4,4,5,4,5,4,5,4,5,4,4,5,3,4,2,3,4,4,3,4,5,4,5,5,2,2,2,4
2,"AVI",4,3,4,3,2,4,4,4,4,4,5,4,4,3,2,3,1,1,5,5,5,5,5,5,5,5,5,5,5,4,5,5,5,3,5,5,3,3,4,4,3,4,5,3,4,4,4,3,3
2,"Traditional",4,3,4,4,4,5,5,5,3,5,5,4,5,5,5,4,5,4,5,5,5,5,5,5,5,5,5,4,5,5,5,5,5,4,5,4,5,4,5,5,4,5,4,3,5,4,4,3,5
3,"AVI",1,3,3,1,1,1,1,2,5,3,3,3,3,1,1,1,1,1,2,2,4,3,3,2,2,3,3,3,2,3,2,3,3,3,3,4,3,4,4,3,3,3,3,3,3,4,4,4,3
3,"Traditional",4,4,5,1,4,4,3,3,2,4,5,4,5,5,5,4,4,4,5,5,5,5,5,5,5,5,5,5,5,5,5,5,5,5,5,4,5,5,5,5,5,5,5,5,5,5,5,5,5
4,"AVI",1,1,4,2,1,1,5,1,5,2,5,3,3,1,2,2,1,1,2,2,2,2,1,2,1,2,2,3,2,3,2,2,4,4,2,4,3,2,3,2,3,2,3,2,2,4,3,4,2
4,"Traditional",4,3,4,3,4,5,5,4,2,4,4,4,4,3,5,1,4,4,4,2,4,4,4,5,4,4,4,4,4,4,4,4,4,5,4,3,4,3,4,4,4,4,4,3,3,4,4,4,3
5,"AVI",2,2,4,2,4,3,5,4,5,5,5,5,5,2,2,2,1,1,4,4,4,5,5,4,4,4,5,4,4,4,3,4,4,4,4,3,4,4,4,4,4,4,4,3,3,3,5,4,3
5,"Traditional",5,4,5,5,5,5,5,3,3,5,5,5,5,5,5,4,5,5,5,4,5,5,5,5,5,5,5,5,5,5,4,5,5,4,5,4,4,5,5,5,4,5,3,5,5,5,4,3,5
6,"AVI",4,4,4,2,4,4,4,5,5,5,5,3,4,2,2,2,1,1,4,4,4,4,4,4,4,4,4,3,4,4,4,4,3,3,3,4,2,3,3,3,3,2,2,4,2,4,4,4,3
6,"Traditional",4,2,4,2,5,2,3,2,4,3,4,3,4,4,4,3,2,3,3,4,3,4,4,4,3,4,4,3,4,3,3,3,2,4,4,2,2,3,3,4,2,2,2,3,3,3,3,3,2
7,"AVI",2,2,4,2,2,4,3,3,5,3,2,1,1,1,1,1,1,1,2,1,2,2,2,2,2,2,2,1,2,2,2,2,2,3,3,3,3,3,3,3,2,2,4,1,3,4,3,3,2
7,"Traditional",4,4,4,4,3,4,3,4,5,5,5,4,5,5,4,5,5,5,5,5,5,5,5,5,5,5,5,5,3,4,4,4,4,4,5,4,5,4,4,4,4,4,5,5,5,5,4,4,4
8,"AVI",1,2,4,2,3,4,5,5,5,5,5,3,4,2,1,2,1,1,3,2,1,2,3,4,3,3,3,4,3,3,3,3,3,4,3,5,5,5,5,4,5,5,3,3,5,5,5,5,5
8,"Traditional",4,4,4,4,4,4,5,3,2,5,5,4,5,5,5,3,4,5,5,5,5,4,5,5,4,5,5,4,5,5,5,5,5,4,5,5,5,5,4,4,5,5,3,4,4,4,5,4,5
9,"AVI",4,4,5,4,4,2,3,2,2,4,4,4,5,4,2,3,2,2,4,3,4,5,4,5,4,5,5,4,5,4,4,4,5,4,4,4,3,4,4,4,3,4,4,4,3,3,4,3,4
9,"Traditional",4,4,5,4,4,5,5,2,4,5,4,5,5,5,5,5,5,5,5,5,5,5,5,5,5,5,5,5,4,5,4,5,5,5,5,4,5,4,5,5,4,5,4,5,5,4,5,4,5
10,"AVI",4,4,5,4,4,5,5,4,5,5,5,5,5,4,4,4,2,2,5,4,5,4,5,5,4,4,4,4,4,4,4,4,4,3,4,5,3,4,4,4,3,3,3,3,3,5,4,3,3
10,"Traditional",4,4,5,4,2,4,5,4,4,5,5,4,5,4,5,5,5,5,5,4,4,4,4,5,4,5,4,4,4,4,4,5,4,3,4,2,3,4,3,3,3,3,4,3,3,3,3,2,4
11,"AVI",1,2,4,3,4,2,2,1,5,3,2,3,2,3,4,1,1,1,2,2,2,4,2,4,1,4,2,3,3,3,3,2,3,3,2,4,3,3,3,3,3,3,3,2,3,4,3,4,3
11,"Traditional",4,4,4,2,4,3,4,3,4,5,4,4,5,5,5,3,4,4,4,4,4,5,5,5,4,4,4,3,3,4,3,3,5,3,4,3,4,3,4,3,3,3,3,4,3,3,3,2,4
12,"AVI",1,1,1,1,5,1,1,1,5,5,5,5,1,1,1,1,1,1,1,1,1,1,1,1,1,1,1,1,1,1,1,1,1,2,3,5,5,5,3,4,5,2,5,2,5,5,5,4,4
12,"Traditional",5,4,5,5,2,5,5,2,5,5,5,5,5,5,5,5,5,5,5,5,5,5,5,5,5,5,5,5,5,5,5,5,5,5,5,3,5,5,5,5,5,3,5,5,5,5,3,5,5
13,"AVI",1,2,4,2,2,2,5,2,5,3,4,4,4,1,1,4,1,1,2,2,2,4,2,4,2,2,2,4,3,3,2,3,3,3,3,4,3,3,3,2,2,2,2,2,2,4,3,4,2
13,"Traditional",3,3,4,2,2,2,2,2,2,5,5,5,5,4,5,4,5,4,5,5,5,5,5,5,4,5,4,3,3,4,3,4,4,3,3,2,3,4,3,3,2,2,3,4,3,2,3,2,4
14,"AVI",2,2,5,2,2,4,5,5,1,4,4,3,2,1,1,1,1,1,5,4,5,5,5,5,4,5,5,4,5,4,4,4,5,5,4,4,5,3,5,3,4,3,4,2,5,4,4,4,4
14,"Traditional",5,5,5,2,4,5,3,5,4,5,5,5,4,5,5,4,5,5,5,4,5,5,4,5,5,5,5,4,5,5,5,5,4,5,5,4,5,5,5,4,4,5,3,5,4,4,5,4,5
15,"AVI",5,4,5,4,5,5,5,2,5,5,5,5,5,2,4,5,2,2,5,5,5,5,5,5,5,5,5,5,NA,5,5,5,5,5,5,5,5,4,5,3,5,5,4,4,5,5,5,5,5
15,"Traditional",4,4,5,3,4,2,2,4,5,4,4,4,4,5,5,2,4,4,5,5,5,5,5,5,5,5,5,4,5,5,5,4,5,5,5,5,5,3,5,2,4,5,1,2,5,5,4,3,4
16,"AVI",5,3,4,3,2,4,4,2,5,3,3,3,4,2,4,3,2,2,4,4,5,4,5,5,4,5,4,3,5,5,4,4,4,4,3,4,5,1,4,3,3,2,2,3,2,5,5,4,4
16,"Traditional",1,2,2,2,4,2,3,1,5,4,4,3,4,5,4,3,2,1,3,4,2,4,3,3,3,4,3,3,3,4,2,4,4,3,3,4,2,3,2,2,2,2,2,2,2,3,5,5,2
17,"AVI",3,4,5,4,4,3,3,2,5,5,5,5,5,4,4,4,3,2,5,5,5,5,5,5,3,5,5,5,3,5,3,5,4,5,5,5,5,4,5,5,5,5,5,5,5,5,5,5,5
17,"Traditional",5,4,4,3,2,5,5,4,5,5,5,4,5,5,5,5,5,5,5,5,5,5,5,5,5,5,5,5,3,4,3,5,4,5,5,4,5,5,5,5,5,5,4,5,5,5,5,4,5
18,"AVI",1,1,2,2,2,2,4,4,5,4,3,3,2,2,2,2,1,1,2,2,2,1,2,2,1,2,2,2,3,3,2,4,2,4,2,4,3,1,2,1,3,1,2,1,1,4,3,3,1
18,"Traditional",2,4,4,2,2,4,4,4,3,4,4,4,4,4,4,4,4,4,4,4,4,4,4,4,4,4,4,4,4,4,4,4,4,4,4,2,3,5,4,4,2,4,3,4,5,2,3,2,4
19,"AVI",3,3,4,5,5,4,4,3,2,4,4,3,4,4,4,2,3,3,4,4,4,4,4,5,4,5,4,3,5,4,5,5,5,5,5,4,5,4,5,4,4,4,3,2,4,4,4,3,4
19,"Traditional",3,3,3,3,3,3,3,3,3,3,3,3,2,3,3,3,3,3,4,3,4,4,3,4,2,3,3,2,3,3,2,2,4,4,2,3,4,4,3,2,3,3,4,2,4,4,4,3,4
20,"AVI",5,3,5,4,4,5,5,4,3,4,5,4,5,4,5,5,4,4,5,5,5,4,5,5,5,5,5,4,5,5,4,5,4,5,5,4,5,3,5,3,4,5,3,4,5,4,5,5,4
20,"Traditional",5,4,5,5,5,5,5,4,5,5,5,5,5,5,5,5,5,5,5,5,5,5,5,5,5,5,5,5,5,5,5,5,4,5,5,4,5,3,5,3,4,5,3,4,3,4,5,4,4
21,"AVI",3,2,4,2,2,3,5,2,5,4,4,3,2,1,2,2,1,1,2,2,2,2,2,2,1,4,1,3,3,2,2,2,2,3,2,4,2,2,2,2,2,1,2,1,1,4,2,3,2
21,"Traditional",5,3,5,2,3,2,2,2,5,5,5,4,5,4,5,4,5,5,3,3,3,3,3,4,3,4,3,3,3,3,3,3,3,3,3,2,2,3,3,2,3,2,4,4,3,2,3,2,4
22,"AVI",2,2,1,2,4,4,4,4,5,4,2,3,2,2,2,2,1,1,3,4,2,5,3,4,1,3,2,3,3,3,4,5,5,3,4,5,4,4,3,3,4,3,4,2,3,5,4,5,4
22,"Traditional",3,2,3,1,3,4,2,2,3,4,4,4,4,5,5,3,4,4,4,4,4,4,4,4,3,5,4,4,4,4,4,3,4,5,5,3,3,4,5,5,4,4,3,4,4,4,4,3,4
23,"AVI",1,1,4,1,2,4,5,3,5,5,5,3,3,1,1,1,1,1,2,3,2,3,2,2,2,4,2,3,3,3,3,2,3,3,2,2,3,2,3,3,2,2,2,2,2,2,3,2,3
23,"Traditional",3,2,3,1,1,2,2,3,5,5,5,4,4,5,5,3,1,1,4,4,4,4,4,4,3,5,4,4,4,4,4,3,4,3,4,3,5,4,4,4,4,3,3,4,4,3,4,3,3
24,"AVI",1,1,4,1,1,1,5,4,1,1,2,3,1,1,1,1,1,1,3,1,1,1,2,2,1,1,1,1,3,3,3,2,2,3,5,2,4,1,4,3,2,2,NA,3,2,2,4,1,2
24,"Traditional",4,4,3,2,3,5,5,2,3,4,5,4,5,5,5,4,4,4,4,5,4,4,4,5,4,5,4,4,4,5,5,4,5,5,5,2,4,3,5,4,5,3,3,2,3,2,NA,2,4
25,"AVI",3,4,4,2,4,3,2,3,4,4,5,4,4,4,3,NA,2,4,4,4,5,4,5,5,4,4,4,4,5,3,3,4,3,5,4,5,5,5,4,4,4,4,4,3,2,3,4,2,3
25,"Traditional",5,4,3,5,3,3,4,4,4,5,4,2,4,5,4,5,3,4,4,4,4,5,5,3,4,5,3,4,4,4,4,4,3,3,4,5,2,4,4,4,2,3,4,4,4,3,4,2,3
26,"AVI",2,2,3,2,2,3,4,2,5,3,3,3,2,1,1,1,1,1,2,2,2,2,2,2,2,3,2,2,2,2,1,2,2,2,1,4,1,1,2,2,NA,1,1,1,1,5,3,2,2
26,"Traditional",4,4,3,2,2,4,5,4,4,4,4,2,3,4,5,2,1,1,2,2,1,2,2,2,2,2,2,2,2,3,2,1,2,1,1,1,1,2,1,2,1,1,1,1,1,1,1,1,1
27,"AVI",2,3,4,3,2,3,4,3,4,4,4,3,4,2,2,2,1,2,5,5,5,5,5,5,5,5,4,5,5,5,5,5,5,4,4,5,3,3,4,5,4,4,4,3,4,4,4,3,4
27,"Traditional",5,3,4,4,4,5,4,4,5,5,5,5,5,5,5,5,5,5,5,5,5,5,5,5,5,5,5,4,5,5,5,5,5,4,5,4,4,4,4,4,4,5,4,5,5,5,4,3,5
28,"AVI",3,2,2,2,1,3,4,2,4,3,2,1,1,1,1,1,1,2,3,4,2,4,4,4,4,4,5,5,3,4,4,3,3,4,5,3,5,3,5,4,4,5,5,5,5,4,4,5,5
28,"Traditional",4,2,4,3,3,5,5,3,2,4,4,3,4,5,5,2,3,4,4,3,3,5,2,3,4,4,4,2,3,5,4,3,3,4,5,3,5,3,5,5,3,3,5,5,5,4,3,5,5
29,"AVI",3,4,4,2,2,5,5,5,5,5,5,3,4,3,4,2,1,1,4,4,5,4,5,4,4,4,5,3,4,4,4,4,5,3,4,5,4,4,5,4,4,4,3,3,5,4,3,4,5
29,"Traditional",4,5,4,3,5,3,2,3,3,4,4,4,4,4,4,4,5,5,5,4,5,4,5,5,3,5,5,5,4,4,4,5,5,5,3,2,3,5,5,4,5,5,4,4,5,4,5,3,4
30,"AVI",2,2,4,1,1,3,5,2,5,4,5,3,3,1,1,3,2,2,5,5,5,5,5,5,5,5,5,4,5,5,5,5,4,5,5,5,4,3,5,4,4,4,5,4,3,4,4,3,2
30,"Traditional",5,5,5,5,5,5,4,3,5,5,5,5,5,5,5,4,5,5,5,5,5,5,5,5,5,5,5,5,4,5,5,5,5,5,5,5,4,4,5,4,4,4,3,5,4,5,5,5,3
31,"AVI",3,2,3,3,3,2,4,3,3,2,2,2,2,3,4,3,3,4,2,5,3,2,2,3,2,5,1,4,3,3,3,2,4,3,2,3,3,2,3,2,2,2,3,2,2,3,3,2,3
31,"Traditional",2,3,4,2,4,3,2,2,2,4,4,4,4,5,4,2,4,4,5,5,5,5,5,5,5,5,5,3,5,5,4,5,2,3,5,4,3,4,2,4,5,4,2,1,5,5,5,5,5
32,"AVI",4,4,4,4,4,4,4,4,3,4,4,4,4,4,4,4,4,4,4,5,4,4,5,4,4,5,4,4,5,5,1,4,4,4,4,4,4,4,4,4,4,4,4,4,4,4,4,3,5
32,"Traditional",4,4,5,5,4,4,NA,5,4,5,4,4,5,4,5,4,4,5,5,5,4,4,5,4,5,4,4,5,4,4,5,5,4,4,4,4,4,4,4,4,4,4,4,4,4,4,4,3,4
33,"AVI",5,5,4,2,4,5,5,5,5,5,5,3,5,2,4,2,2,2,5,5,5,5,5,5,4,5,4,5,4,3,3,4,5,4,5,4,3,5,3,5,3,4,5,2,4,5,5,2,4
33,"Traditional",5,3,3,2,2,4,5,2,1,4,5,3,5,4,5,5,4,4,5,5,5,5,5,5,3,5,4,4,3,5,4,5,4,3,4,2,2,5,5,4,4,5,4,4,4,3,3,2,4
34,"AVI",2,2,2,1,1,4,4,2,4,3,3,3,2,2,3,3,1,1,2,2,2,2,2,3,2,3,3,2,2,2,3,2,2,1,2,1,2,2,3,1,2,2,2,1,2,1,4,1,2
34,"Traditional",4,4,5,3,4,3,4,2,4,4,4,5,5,5,4,4,5,4,4,4,3,4,4,4,3,4,4,4,4,4,4,4,3,3,4,4,4,4,4,3,4,4,3,5,4,3,2,2,4
35,"AVI",5,3,4,2,2,5,4,5,3,5,5,5,4,5,5,4,4,5,5,4,5,5,5,5,4,5,5,4,5,3,4,4,2,4,4,3,3,3,5,4,5,4,4,5,3,4,4,2,4
35,"Traditional",4,4,4,2,2,5,2,4,2,5,5,4,4,5,5,4,4,5,5,5,5,5,5,5,5,5,5,4,5,3,5,4,4,5,4,4,4,3,4,4,5,3,3,3,5,3,3,2,4
36,"AVI",2,3,4,1,1,2,3,2,5,5,5,3,3,2,4,2,1,1,1,2,2,5,1,1,2,1,3,1,2,3,1,1,3,2,1,4,1,2,3,2,4,1,1,1,2,2,3,4,1
36,"Traditional",4,3,5,1,1,1,1,1,1,4,5,4,4,5,5,3,4,5,3,3,3,5,4,4,3,4,4,3,3,3,3,4,3,3,4,1,2,4,3,3,4,3,4,4,3,1,3,1,3
37,"AVI",2,2,4,1,1,4,4,4,3,4,3,3,3,3,3,4,2,2,3,3,4,4,3,4,2,4,4,4,4,4,3,3,5,3,1,4,3,3,2,3,3,2,2,2,3,4,4,4,4
37,"Traditional",4,4,5,3,5,5,4,2,5,5,5,5,5,5,5,5,5,4,5,4,5,4,5,5,5,5,5,4,4,4,5,5,4,2,3,2,4,3,3,2,3,2,3,4,3,1,2,2,3
38,"AVI",2,2,4,3,3,4,5,3,5,5,5,4,5,1,1,1,3,1,4,4,4,5,4,3,3,5,3,3,4,4,5,5,4,5,4,5,5,3,5,2,4,3,2,2,2,5,4,5,2
38,"Traditional",2,2,1,2,2,3,5,1,5,3,5,4,3,4,5,2,1,1,3,2,4,4,3,4,2,5,2,3,3,3,3,3,2,5,2,2,4,1,4,2,2,3,2,2,2,3,2,2,3
39,"AVI",3,4,4,2,5,2,2,3,4,4,4,5,4,3,4,2,2,2,4,1,3,4,4,4,3,4,4,2,4,4,3,2,3,4,3,4,4,2,3,3,4,4,3,2,3,5,3,3,4
39,"Traditional",4,4,4,4,2,4,3,1,5,4,4,4,4,5,5,4,4,4,3,3,5,5,5,5,5,3,4,4,4,5,5,5,4,4,4,2,3,NA,3,3,2,2,3,3,2,4,3,3,3
40,"AVI",4,3,4,3,3,3,5,4,3,3,3,3,3,3,3,3,3,3,4,3,4,3,4,4,4,4,4,4,4,3,4,4,3,4,3,3,3,3,3,3,3,4,2,3,3,3,3,3,5
40,"Traditional",5,5,5,3,5,3,5,3,3,5,5,5,5,5,4,3,4,5,5,5,5,5,5,5,5,5,1,5,5,3,5,5,5,5,5,4,5,4,5,3,4,5,1,5,3,5,5,4,5
41,"AVI",4,4,5,2,4,5,5,5,5,5,5,3,5,1,4,4,1,1,5,5,5,5,4,5,4,5,4,5,3,4,4,3,4,4,5,5,4,4,3,2,5,2,3,2,2,3,4,1,4
41,"Traditional",4,4,4,4,2,4,3,2,5,3,4,4,4,4,4,2,4,3,4,4,4,4,4,4,2,4,3,4,3,4,4,4,4,5,5,3,4,5,4,4,5,4,3,4,4,4,4,1,4
42,"AVI",1,2,4,2,2,1,4,1,5,3,3,3,3,2,2,1,1,1,3,2,2,3,3,4,2,4,4,3,3,2,2,2,2,3,3,4,3,NA,3,2,4,3,1,2,3,3,3,2,2
42,"Traditional",2,3,4,4,4,3,2,3,2,3,4,4,4,3,5,4,4,4,4,4,4,4,4,5,4,4,4,4,4,4,4,4,5,4,4,3,3,4,3,3,3,3,3,3,3,3,3,2,4
43,"AVI",2,3,2,2,2,5,4,4,2,5,5,4,5,1,4,1,4,1,4,5,5,5,4,5,5,5,5,4,5,5,5,5,5,5,4,4,5,5,5,5,5,5,3,4,5,5,5,2,5
43,"Traditional",4,5,5,4,4,4,4,4,4,4,4,5,3,5,4,4,4,5,5,1,5,5,5,5,5,4,4,4,5,5,5,4,4,4,4,2,4,4,4,4,3,4,4,4,4,3,3,1,4
44,"AVI",1,1,4,1,3,4,4,3,1,2,1,1,2,3,1,3,1,1,3,1,2,4,1,4,1,2,2,2,5,3,3,3,1,2,3,4,4,2,2,3,1,3,3,2,2,4,3,5,5
44,"Traditional",2,2,5,4,3,4,2,4,4,3,3,2,3,2,3,3,3,3,2,3,3,3,2,3,2,4,3,3,2,3,4,5,4,3,5,3,4,3,3,3,2,3,3,3,3,2,3,3,3
45,"AVI",4,5,5,4,2,4,3,4,4,5,4,5,5,4,5,3,1,1,5,5,4,5,5,5,5,5,5,3,4,4,4,4,5,5,4,5,3,5,4,3,5,3,3,3,3,5,4,4,3
45,"Traditional",2,3,4,2,2,3,4,2,4,4,4,4,5,5,5,4,4,5,5,5,5,5,5,5,5,5,5,3,4,4,4,4,4,3,4,1,4,4,5,4,4,3,3,5,4,2,3,3,4
46,"AVI",1,1,4,1,1,2,4,1,5,5,5,1,2,1,1,1,1,1,1,2,1,1,1,2,2,4,2,1,2,2,1,2,3,1,2,2,2,2,2,2,2,1,2,2,2,3,2,2,2
46,"Traditional",5,5,4,5,5,4,4,5,5,4,5,4,5,4,5,4,5,4,5,5,5,5,5,5,5,5,5,4,5,5,5,5,4,4,4,4,4,4,4,4,4,5,4,5,5,4,4,4,4
47,"AVI",2,4,3,1,2,5,5,4,3,4,3,3,3,2,2,2,2,2,3,2,3,2,3,4,2,4,2,2,2,3,2,3,3,2,2,1,3,2,3,3,2,3,2,1,2,2,2,2,3
47,"Traditional",5,4,4,3,2,4,4,2,4,5,4,4,5,5,5,5,5,5,5,5,4,5,5,4,4,4,5,5,4,4,5,5,4,3,4,3,4,4,3,4,3,4,4,3,4,3,3,2,5
48,"AVI",4,2,3,2,3,4,5,5,5,5,5,5,5,1,1,1,1,1,5,5,5,5,5,5,4,5,5,5,5,5,5,5,5,5,4,4,5,5,5,5,5,5,4,4,5,5,5,2,3
48,"Traditional",5,5,5,3,5,4,5,4,4,5,5,5,5,5,5,5,5,5,5,5,5,5,5,5,5,5,5,5,4,5,5,5,5,NA,5,5,5,5,5,4,5,5,5,5,5,5,5,4,4
49,"AVI",2,2,2,1,4,5,4,3,3,4,4,2,2,1,1,2,5,1,4,3,3,4,3,4,3,4,3,2,4,3,3,3,3,5,3,3,3,5,5,5,5,3,5,2,2,5,5,2,2
49,"Traditional",4,4,5,4,4,5,3,5,4,4,4,4,5,3,5,4,4,4,4,4,5,5,5,5,5,5,5,5,5,5,5,5,5,5,5,5,4,4,5,5,4,4,5,5,4,5,4,4,5
50,"AVI",1,2,4,1,2,5,5,5,2,4,3,3,2,2,2,2,2,1,4,4,2,3,4,4,2,4,3,2,4,4,2,4,4,2,2,4,4,2,3,2,2,2,2,2,2,5,4,3,2
50,"Traditional",3,2,4,1,2,4,4,2,4,4,4,4,4,5,5,5,4,4,5,5,5,5,5,5,5,5,5,3,4,5,5,3,4,3,3,2,4,4,5,4,3,3,4,4,4,3,4,3,3
51,"AVI",4,4,4,2,5,4,3,4,5,5,5,3,4,2,2,2,3,3,5,5,5,5,5,5,5,5,5,3,4,5,4,5,5,5,5,4,5,3,4,3,4,4,2,5,3,3,5,4,4
51,"Traditional",4,4,5,2,4,3,3,2,5,5,3,4,5,5,5,4,3,4,5,5,5,5,5,4,5,5,5,4,5,5,4,5,5,4,5,4,4,2,5,3,3,4,4,5,5,4,5,4,4
52,"AVI",3,1,4,2,3,4,4,4,5,3,3,3,3,2,2,3,2,2,3,3,3,4,2,4,4,4,3,3,4,3,3,4,3,2,3,3,4,2,3,3,1,2,3,2,3,4,4,2,2
52,"Traditional",2,3,2,3,2,4,4,2,2,4,4,3,2,3,4,2,2,2,3,4,2,3,2,3,2,5,3,3,4,4,2,2,2,3,3,3,5,2,2,3,1,3,2,1,2,2,4,2,2
53,"AVI",4,3,3,3,2,4,4,4,5,5,5,3,2,1,1,1,1,2,2,2,2,2,2,4,2,4,3,3,4,3,3,3,4,2,4,4,3,2,3,4,3,3,4,2,2,4,4,4,3
53,"Traditional",4,4,3,3,4,3,4,2,4,4,5,5,5,4,4,3,4,4,5,5,4,5,5,5,4,5,5,5,4,4,4,5,5,3,4,4,5,4,4,5,5,3,4,5,4,4,4,3,4
54,"AVI",1,1,2,1,2,3,4,2,4,2,3,1,1,1,1,1,1,1,3,2,2,1,1,3,1,1,2,2,3,3,3,3,4,3,1,5,3,2,3,3,3,2,4,2,2,4,4,5,4
54,"Traditional",5,4,5,4,5,4,4,4,3,5,5,4,5,5,5,4,5,5,5,5,5,5,5,5,5,5,5,4,5,5,5,4,4,4,5,3,5,3,4,5,4,4,3,5,3,3,3,2,3
55,"AVI",1,1,1,1,1,1,4,1,4,2,1,2,2,1,1,1,1,1,2,2,1,1,1,3,1,1,1,1,2,2,1,1,2,1,2,4,1,1,1,1,1,1,1,1,1,2,3,3,1
55,"Traditional",4,4,5,2,2,2,4,1,4,4,5,5,5,5,5,4,5,5,4,4,4,4,4,4,4,5,4,4,3,3,4,4,3,2,3,1,1,2,3,4,2,3,3,4,3,1,1,1,4
56,"AVI",2,2,4,3,2,4,5,5,1,3,3,2,3,1,1,4,1,1,3,3,2,3,3,4,2,4,3,3,4,3,2,2,2,2,3,3,4,3,3,2,2,2,1,1,2,3,2,4,2
56,"Traditional",3,3,4,4,3,4,2,4,2,4,4,5,3,3,4,3,4,2,3,3,4,4,4,4,4,5,4,4,4,4,4,4,3,4,4,3,2,3,4,4,4,4,3,4,4,4,3,2,3
57,"AVI",1,1,1,1,1,1,1,1,4,2,4,4,1,1,2,2,2,2,1,1,1,4,1,1,1,1,1,1,3,4,2,2,3,5,5,4,5,2,5,2,5,4,1,2,2,4,5,3,1
57,"Traditional",5,5,5,5,5,5,5,4,5,5,5,5,5,5,5,5,5,5,5,5,5,5,5,5,5,5,5,5,5,5,5,3,5,5,5,4,5,5,5,5,5,5,4,5,5,5,5,3,5
58,"AVI",5,5,5,5,5,5,5,5,5,5,5,5,5,2,2,4,1,2,5,5,5,5,5,5,5,5,5,5,5,5,5,5,5,5,5,4,5,4,5,5,4,4,5,3,4,5,4,3,5
58,"Traditional",5,4,5,3,4,5,5,4,5,5,5,5,5,5,5,4,5,5,4,4,4,5,4,5,4,4,5,4,5,4,4,4,4,4,5,5,4,5,5,5,5,4,5,5,4,5,4,3,5
59,"AVI",4,2,4,3,2,5,5,2,4,5,2,2,5,2,1,2,2,1,4,4,4,4,3,4,3,5,4,5,3,3,3,5,4,5,2,2,5,4,3,4,3,4,4,2,2,5,4,5,3
59,"Traditional",3,2,4,2,4,2,2,2,1,2,4,4,2,4,4,4,4,4,3,4,4,4,3,3,3,4,4,4,3,3,3,3,4,2,4,3,5,4,3,3,3,2,3,3,2,3,2,4,4
60,"AVI",2,4,4,2,2,4,4,3,4,5,5,3,4,1,2,1,1,1,4,2,3,4,4,4,4,4,5,4,4,4,4,4,4,4,3,3,3,4,4,3,4,4,2,4,5,3,4,5,4
60,"Traditional",4,4,4,4,4,4,5,5,3,5,5,5,4,5,5,4,5,5,5,4,5,5,5,5,4,5,5,5,5,5,5,5,5,4,4,3,4,4,5,4,4,3,4,4,4,4,5,4,4
61,"AVI",3,3,4,3,4,4,4,4,3,4,4,4,4,3,3,3,4,4,4,4,4,4,3,3,3,4,3,4,3,3,3,3,4,3,3,3,3,3,3,3,3,3,3,3,3,3,2,2,2
61,"Traditional",4,3,3,3,3,3,3,3,4,4,3,4,4,5,5,4,5,4,4,3,3,3,3,3,3,4,2,3,3,4,3,3,4,3,3,3,3,3,3,3,3,3,4,4,3,3,3,3,3
62,"AVI",3,4,5,4,3,5,5,5,5,5,5,5,5,5,3,4,2,2,4,4,4,4,4,4,4,2,4,4,4,4,4,4,4,5,5,5,5,5,4,3,4,3,5,3,3,5,5,5,5
62,"Traditional",5,4,5,3,3,5,5,5,3,5,5,5,5,5,5,5,5,5,5,5,5,5,5,5,5,5,5,5,5,3,5,5,5,5,5,5,5,5,5,5,4,5,5,5,5,5,5,4,5
63,"AVI",4,4,4,4,4,4,4,4,5,5,5,4,4,4,4,4,4,4,4,2,4,4,4,4,4,4,4,4,4,4,4,4,4,5,5,4,5,5,5,5,5,5,5,5,4,5,5,4,5
63,"Traditional",4,4,4,5,4,4,4,4,4,5,5,5,5,5,5,5,5,4,5,4,5,5,5,5,5,5,5,3,4,4,5,5,4,4,5,4,5,4,5,5,5,4,4,5,5,5,5,4,4
64,"AVI",1,1,2,1,1,5,5,5,5,4,3,3,4,1,1,4,1,1,3,2,3,4,2,3,2,4,3,2,4,4,4,5,5,4,1,4,3,3,3,1,4,1,2,1,2,3,4,4,1
64,"Traditional",1,4,2,1,2,4,5,3,5,4,5,4,4,2,4,4,3,2,4,3,4,5,2,3,2,5,3,3,3,4,2,5,4,4,4,2,4,4,3,2,4,5,2,4,2,3,4,2,4
65,"AVI",5,4,3,2,3,5,5,4,5,5,5,4,5,1,1,1,1,1,3,5,4,4,4,5,4,5,3,3,4,4,4,4,3,5,4,4,4,2,4,4,4,3,2,2,3,5,5,2,3
65,"Traditional",4,4,4,2,2,3,4,1,5,5,5,4,5,5,1,5,3,5,4,5,4,4,4,4,4,5,4,4,3,4,3,4,3,3,4,1,2,4,5,3,5,2,4,4,5,2,4,1,2
66,"AVI",5,4,5,4,1,5,5,5,5,5,5,5,5,1,1,5,1,1,4,4,2,4,4,4,2,5,3,1,3,4,2,2,4,3,3,5,3,4,4,5,5,5,5,2,2,5,3,5,5
66,"Traditional",4,4,5,4,4,5,2,5,5,5,5,5,5,5,5,1,4,4,5,5,5,5,5,5,5,5,5,1,5,5,5,5,5,5,5,5,5,5,5,5,5,5,5,5,5,5,5,4,5
67,"AVI",3,3,3,2,3,3,2,3,3,3,4,4,3,3,3,3,3,3,3,3,4,3,3,5,2,4,3,4,4,3,3,3,4,3,3,3,3,4,3,3,4,4,3,2,4,2,3,3,3
67,"Traditional",5,3,3,3,3,3,4,3,5,4,4,4,3,5,5,4,3,4,3,4,4,5,4,3,3,4,3,4,3,3,3,3,3,3,3,3,3,4,4,4,5,3,5,3,3,3,3,3,3
68,"AVI",4,4,3,3,4,5,5,4,4,5,5,4,4,4,4,4,4,5,4,4,4,5,4,4,3,4,4,4,4,3,4,4,4,3,5,3,3,4,3,4,4,4,5,4,4,4,2,2,4
68,"Traditional",5,4,4,4,4,4,4,3,3,5,5,4,4,4,4,4,4,4,4,3,4,5,4,4,4,4,4,4,4,3,4,4,4,4,4,3,3,4,3,4,4,4,4,4,4,4,2,2,4
69,"AVI",4,4,5,4,4,5,5,5,5,5,5,4,4,3,3,5,2,2,4,4,4,4,4,4,4,4,3,4,3,4,4,4,4,4,4,4,4,4,4,4,4,4,4,4,4,4,4,4,4
69,"Traditional",4,4,4,4,2,5,5,3,2,5,5,4,3,4,5,4,4,4,3,4,3,4,3,3,3,4,3,3,4,3,4,3,4,4,4,4,4,3,3,4,4,3,3,4,3,4,3,3,4
70,"AVI",2,2,2,2,2,5,5,4,4,4,4,3,2,1,1,2,1,1,2,2,2,2,2,3,2,2,2,2,3,2,3,2,2,2,2,4,3,3,4,2,4,2,2,2,4,5,2,3,2
70,"Traditional",4,4,4,2,2,4,4,4,5,4,4,5,5,4,5,5,4,5,4,3,4,4,4,4,3,4,3,4,4,4,4,4,4,4,4,2,4,4,4,4,4,4,4,4,3,2,3,2,4
71,"AVI",2,2,4,2,4,4,4,1,5,4,4,3,4,1,1,2,2,2,3,4,4,4,3,3,2,4,3,4,3,3,3,3,4,3,4,4,3,3,3,2,4,2,5,3,2,5,5,4,3
71,"Traditional",3,2,4,2,3,2,1,1,4,4,4,3,2,2,4,1,2,2,3,4,3,4,2,4,3,4,1,2,3,3,1,1,4,3,4,2,4,2,2,2,4,3,2,3,1,2,3,3,2
72,"AVI",3,4,3,4,2,3,5,4,5,5,5,3,4,2,2,2,2,1,5,5,5,5,5,5,3,5,5,4,4,5,4,5,4,3,4,5,5,3,4,3,3,3,3,2,3,5,5,4,3
72,"Traditional",4,3,4,4,4,3,3,4,3,4,4,4,4,5,5,5,5,5,5,5,5,5,5,5,3,5,5,4,4,4,4,5,5,3,4,3,3,5,3,4,3,4,4,4,4,3,3,3,4
73,"AVI",5,4,5,3,2,3,5,4,2,5,5,5,5,5,2,5,2,2,4,3,4,5,4,4,3,5,3,3,4,3,4,3,4,3,4,5,3,4,3,3,3,3,3,5,4,2,4,4,4
73,"Traditional",4,5,5,3,2,5,5,5,4,4,5,4,5,5,5,5,2,3,5,4,5,5,5,5,5,5,5,5,5,5,5,4,5,3,4,2,5,4,4,4,4,4,4,4,5,4,3,3,5
74,"AVI",3,4,5,2,3,2,5,4,5,4,4,2,4,1,2,4,1,1,2,4,2,4,4,4,2,4,2,3,3,3,4,3,4,3,4,5,2,2,4,2,4,2,2,3,2,4,4,5,4
74,"Traditional",4,4,4,3,4,4,4,3,5,5,5,5,5,5,5,5,4,4,4,5,5,5,4,5,5,5,5,4,4,4,4,3,4,4,4,2,3,3,4,5,3,4,5,4,4,4,4,4,4
75,"AVI",1,1,4,2,1,2,2,4,5,5,5,3,4,1,1,1,1,1,3,2,3,4,2,4,2,3,3,4,3,4,4,4,4,3,5,5,5,3,2,5,3,4,3,4,5,5,5,4,5
75,"Traditional",4,1,5,4,2,3,2,4,1,5,4,3,4,2,2,3,2,4,4,5,4,4,4,5,2,4,5,4,4,4,4,4,3,3,4,4,4,5,4,4,3,4,3,4,4,5,5,3,3
76,"AVI",5,5,2,4,3,3,5,5,5,5,5,5,5,5,5,5,5,5,2,3,3,3,2,4,3,5,3,3,5,5,2,5,3,5,3,3,5,3,4,3,5,3,2,2,3,5,5,3,3
76,"Traditional",2,5,4,3,4,1,1,1,4,4,5,5,5,5,5,4,5,5,3,3,3,3,3,4,3,4,3,3,3,3,3,3,3,3,3,3,3,3,4,4,4,3,5,4,4,3,4,3,4
77,"AVI",5,4,5,4,2,4,4,4,5,5,5,5,5,2,3,4,2,2,5,5,5,4,5,5,5,5,5,4,5,5,4,5,5,4,5,5,4,4,4,4,4,5,3,5,5,4,2,5,4
77,"Traditional",2,5,4,4,4,4,2,2,3,4,5,4,4,4,5,5,4,5,5,5,5,4,5,5,5,5,5,4,5,4,5,5,5,5,4,3,5,2,4,5,3,3,3,5,4,3,4,3,4
78,"AVI",1,1,4,2,1,5,5,3,5,5,5,5,5,1,1,1,1,1,2,2,2,4,2,3,2,4,2,3,2,5,4,4,4,3,2,4,3,2,3,2,2,2,2,1,2,5,5,3,2
78,"Traditional",5,3,3,3,5,5,5,3,5,5,5,5,5,5,5,5,5,5,5,5,5,5,5,5,5,5,5,5,4,5,4,3,3,4,5,3,3,5,5,5,3,5,5,5,5,3,3,3,4
79,"AVI",2,1,4,2,4,5,4,5,5,5,5,5,5,2,5,2,1,1,1,1,2,2,1,4,1,4,2,2,4,5,5,2,5,4,2,2,5,1,5,3,3,1,5,2,1,5,2,5,5
79,"Traditional",4,4,5,4,5,2,2,1,2,4,5,5,5,5,5,5,5,5,4,4,4,4,4,5,4,5,5,5,5,5,5,5,5,5,5,2,4,3,5,3,5,5,5,5,5,2,5,3,4
80,"AVI",4,5,4,4,4,5,5,4,5,4,4,3,3,1,1,2,1,1,4,3,4,5,4,5,4,5,5,4,5,4,4,4,4,4,3,5,4,4,4,4,4,4,3,3,3,4,4,3,5
80,"Traditional",2,5,4,2,4,5,5,5,5,4,4,3,3,2,1,2,1,1,5,5,5,5,5,5,5,5,5,4,5,5,4,5,1,5,5,5,4,5,5,5,5,5,4,5,5,5,4,4,5
81,"AVI",2,1,3,1,2,1,2,1,5,3,3,3,4,1,1,2,2,1,2,4,2,4,2,3,2,4,4,3,2,2,2,2,4,2,2,4,2,2,2,2,2,2,2,1,2,4,4,4,1
81,"Traditional",2,2,4,2,4,2,2,2,5,4,5,4,4,5,5,5,4,2,4,4,NA,4,4,4,4,5,4,4,3,4,2,4,4,2,3,2,2,3,3,3,4,4,4,4,4,3,3,2,3
82,"AVI",4,4,4,4,4,5,5,4,3,5,5,5,5,5,5,5,5,5,5,5,5,5,5,5,4,5,5,5,5,5,5,5,5,5,5,4,3,5,5,5,5,5,5,5,5,5,5,2,4
82,"Traditional",5,5,5,4,4,5,5,5,5,5,4,5,5,5,5,5,5,5,5,5,5,5,5,5,5,5,5,5,5,5,5,5,5,5,5,3,4,5,5,5,5,3,5,5,4,4,4,2,5
83,"AVI",5,3,4,4,2,3,3,5,5,5,5,5,4,2,2,3,2,2,4,5,3,5,3,4,5,5,3,4,5,5,5,4,5,5,5,5,5,5,5,5,5,5,5,5,5,5,5,4,5
83,"Traditional",4,5,4,3,4,3,3,5,4,4,5,5,4,5,5,4,5,5,5,5,5,4,5,5,5,5,5,5,5,5,5,5,5,4,5,5,5,4,5,5,5,5,5,5,5,5,4,3,5
84,"AVI",2,1,2,3,1,2,5,4,5,3,3,1,2,1,4,1,1,1,2,2,1,2,2,2,1,4,4,2,3,3,3,3,2,3,3,5,5,2,3,1,2,1,1,1,1,5,3,2,2
84,"Traditional",5,4,3,2,3,5,5,5,4,5,5,4,5,5,5,4,4,5,4,4,4,5,5,4,5,5,5,3,5,5,3,3,4,2,4,3,4,5,4,3,2,1,5,4,4,3,3,3,4
85,"AVI",5,3,5,3,5,4,5,3,2,4,5,5,4,3,2,4,5,4,5,1,2,5,2,1,2,2,3,5,4,4,3,3,3,2,4,4,4,3,3,5,5,3,5,4,3,5,2,3,4
85,"Traditional",4,4,5,3,4,4,4,4,4,5,5,5,4,4,NA,5,4,5,3,2,3,3,5,4,3,5,5,5,4,4,4,2,5,4,5,5,5,5,5,5,4,5,3,5,5,5,5,4,5
86,"AVI",4,2,4,2,4,4,4,4,2,4,4,3,3,2,4,4,2,2,1,2,2,2,2,2,2,2,3,3,4,2,3,4,2,4,4,4,4,1,2,3,3,2,2,2,2,2,4,3,3
86,"Traditional",4,3,5,2,3,5,5,4,5,5,5,5,5,4,5,5,5,5,5,5,4,5,5,5,4,5,4,5,5,5,5,4,5,4,3,3,3,5,5,4,5,4,4,5,5,5,4,3,5
87,"AVI",1,1,2,2,1,3,3,1,5,4,3,1,1,1,2,3,1,1,2,2,1,2,1,2,1,1,1,3,3,3,2,1,2,2,1,1,1,1,2,1,1,1,3,1,1,2,2,1,1
87,"Traditional",3,2,2,2,2,4,1,1,5,4,4,3,4,5,5,4,2,2,3,3,3,3,3,3,2,4,2,2,3,4,3,2,4,4,2,1,4,2,2,2,4,2,2,2,2,1,2,1,3
88,"AVI",1,1,4,1,4,4,4,4,5,5,5,1,2,1,2,5,1,1,2,2,1,4,1,2,1,5,4,1,3,2,1,2,3,1,1,5,3,1,1,1,1,1,1,1,1,4,2,2,1
88,"Traditional",4,3,5,4,5,3,3,3,4,3,5,5,5,5,5,5,4,5,5,5,5,5,5,5,5,5,5,5,5,5,5,5,5,1,3,2,3,1,3,3,4,3,4,5,4,1,4,1,5
89,"AVI",2,4,3,2,2,5,5,5,3,5,3,2,4,2,2,3,2,2,3,3,3,4,4,3,3,4,3,4,4,4,3,3,3,4,2,4,4,3,3,4,2,3,3,3,3,4,4,4,3
89,"Traditional",3,4,4,3,4,4,4,4,4,5,5,4,5,4,5,4,4,4,4,5,4,4,4,4,4,5,4,4,4,4,5,4,4,4,4,3,4,4,4,3,4,4,4,3,4,4,4,3,4
90,"AVI",2,3,4,3,4,4,5,5,3,5,4,2,4,1,1,1,1,1,3,4,3,4,4,4,2,4,4,4,3,3,3,3,3,3,3,5,3,2,3,3,2,2,2,2,3,4,4,4,2
90,"Traditional",4,4,5,4,4,3,3,2,4,5,5,4,4,5,5,5,4,3,4,5,5,4,5,5,4,5,4,5,4,4,5,4,5,4,5,4,4,4,4,3,4,3,3,4,4,4,4,4,3
91,"AVI",1,1,3,1,1,1,1,1,2,3,1,3,1,1,2,4,1,2,2,2,1,4,1,2,2,3,3,1,2,3,3,2,4,2,5,2,2,5,5,5,5,5,5,4,5,4,3,5,5
91,"Traditional",4,2,4,2,5,2,1,4,5,5,4,3,4,5,5,5,4,5,5,5,5,4,4,4,4,5,3,3,4,3,3,3,5,1,5,1,4,5,3,3,5,5,4,5,5,4,2,1,3
92,"AVI",5,4,5,1,1,5,5,5,5,5,5,5,5,1,1,5,1,1,4,4,2,4,2,4,2,4,3,2,3,3,3,4,3,5,3,4,4,2,3,3,5,3,3,2,2,3,3,4,5
92,"Traditional",5,5,5,4,5,4,2,4,5,5,5,5,5,5,5,1,4,4,5,5,5,5,5,5,5,5,5,3,5,5,4,5,4,5,5,2,5,5,5,5,5,2,5,5,5,3,4,2,5
93,"AVI",2,1,1,2,1,2,5,4,5,5,5,3,4,1,4,2,1,1,4,5,4,5,4,4,3,5,4,4,3,3,3,5,3,3,5,5,4,2,3,3,3,1,2,4,3,5,4,1,4
93,"Traditional",5,3,3,2,1,4,3,2,4,5,5,3,4,1,5,4,2,2,4,5,4,5,4,4,4,5,4,3,3,4,3,3,3,3,3,2,4,2,3,4,4,3,2,3,4,1,2,1,3
94,"AVI",4,4,4,4,3,4,5,3,3,4,5,5,4,2,4,4,2,2,5,NA,4,4,5,5,5,5,4,4,3,3,4,3,4,4,4,4,4,3,4,4,4,4,4,4,4,4,4,4,4
94,"Traditional",4,4,4,1,1,3,3,2,2,5,5,5,5,5,5,5,4,5,4,4,4,5,4,4,4,5,2,4,3,3,3,3,4,4,3,2,4,5,3,3,2,4,4,4,4,2,1,2,3
95,"AVI",4,4,4,4,5,4,5,5,5,5,5,5,5,5,5,4,4,4,5,5,5,5,5,5,5,5,5,3,5,5,4,5,5,5,5,4,4,4,4,4,4,5,4,5,4,4,3,4,5
95,"Traditional",4,4,4,4,NA,NA,NA,3,3,NA,4,4,5,5,5,NA,4,NA,4,2,5,3,3,4,4,5,4,3,4,4,4,3,4,4,3,4,4,3,4,4,3,4,2,4,3,4,4,4,4
96,"AVI",2,2,2,1,1,5,5,4,3,4,3,3,2,1,1,1,1,1,2,4,2,3,3,4,2,4,3,2,3,4,2,4,4,4,3,4,4,3,3,4,2,2,2,2,3,5,3,3,3
96,"Traditional",4,4,4,2,4,5,4,2,4,5,5,5,5,4,4,5,3,2,4,5,5,5,5,5,5,5,5,4,5,5,5,4,4,4,5,3,4,4,4,4,4,3,3,3,4,4,4,5,4
97,"AVI",4,4,5,2,1,5,5,1,1,5,5,5,5,4,1,1,1,1,2,2,1,1,1,3,1,4,5,2,3,4,4,3,4,2,5,4,4,3,4,2,3,1,4,1,2,3,1,3,5
97,"Traditional",5,4,5,4,4,4,5,2,5,5,5,5,5,4,5,4,5,5,5,5,5,5,5,4,5,5,5,4,5,5,4,5,5,4,4,2,5,4,4,5,4,5,3,5,4,3,5,3,4
98,"AVI",4,3,4,2,2,1,4,2,2,3,4,4,4,3,4,4,2,3,4,4,4,4,4,4,4,5,4,4,4,4,3,4,4,4,5,4,4,4,4,3,4,5,4,3,4,3,4,3,3
98,"Traditional",5,4,5,4,4,4,5,3,5,5,5,5,5,5,5,5,5,5,5,5,5,5,5,5,5,5,5,5,4,4,5,5,5,5,5,5,5,4,5,5,5,5,4,5,5,5,4,3,4
99,"AVI",4,2,5,1,2,4,4,3,5,5,5,5,5,1,1,1,1,1,4,5,5,3,3,5,3,5,4,4,4,5,5,4,5,5,5,5,5,5,5,3,3,5,5,5,5,3,5,2,5
99,"Traditional",4,3,4,1,5,3,5,2,2,4,5,5,4,5,5,4,5,4,3,4,4,4,4,5,4,NA,4,3,5,3,4,4,4,5,4,2,4,4,5,4,3,3,4,3,3,3,3,3,5
100,"AVI",2,3,2,1,1,1,2,1,1,2,4,1,1,1,1,1,1,2,1,1,1,1,1,1,1,1,2,1,3,1,2,1,1,2,3,2,1,3,1,2,2,2,1,3,2,2,1,5,3
100,"Traditional",3,3,5,5,2,5,4,5,5,4,5,5,4,5,4,5,4,4,5,3,3,3,3,3,4,5,2,4,4,4,4,4,4,5,5,3,5,4,4,5,4,NA,2,5,4,4,3,4,5
101,"AVI",5,4,4,5,4,4,2,2,3,4,4,4,4,4,2,3,3,3,4,4,4,4,3,4,4,5,4,4,4,3,4,3,4,4,4,5,5,4,5,4,5,4,4,5,4,4,5,3,4
101,"Traditional",5,4,4,3,3,4,4,2,5,5,5,4,4,4,5,4,4,3,4,4,2,3,2,3,3,4,4,3,3,4,3,4,4,4,4,2,2,4,3,5,2,4,3,5,4,2,3,2,5
102,"AVI",2,2,4,1,4,2,2,5,5,5,5,5,5,2,2,2,1,1,5,5,4,5,4,5,5,4,5,4,5,5,4,5,4,5,5,4,5,5,5,4,4,4,4,4,5,4,5,4,4
102,"Traditional",4,4,5,2,4,5,4,4,5,5,5,5,5,5,5,5,5,5,5,5,5,5,5,5,5,5,5,5,5,5,5,5,5,5,4,3,4,5,5,4,4,4,4,4,4,4,5,3,5
103,"AVI",2,2,3,2,3,1,4,2,3,4,4,4,4,4,4,3,2,2,2,2,2,4,2,3,2,3,3,2,3,4,1,2,4,3,2,4,5,3,4,1,3,2,3,1,3,3,5,4,2
103,"Traditional",2,3,4,2,4,1,2,1,5,4,3,4,4,4,4,4,4,4,3,4,5,4,4,4,3,4,4,4,4,4,4,4,5,4,4,2,4,3,4,4,4,4,3,3,3,2,3,2,3
104,"AVI",5,4,4,2,4,3,2,4,5,5,5,4,4,2,2,4,3,3,4,4,4,4,4,4,4,5,4,4,4,4,4,4,4,4,3,4,3,2,2,4,3,2,4,4,3,4,2,2,3
104,"Traditional",2,3,3,4,4,2,2,4,4,4,4,4,4,2,4,3,2,3,5,5,5,5,5,5,5,5,5,5,5,5,5,5,5,3,3,3,2,3,3,3,2,2,3,4,2,4,4,3,4
105,"AVI",4,3,3,1,2,2,4,1,4,3,4,3,2,1,3,2,3,3,4,3,3,3,NA,3,3,4,4,3,3,3,4,3,4,NA,3,3,4,2,3,2,2,3,2,3,2,3,3,2,3
105,"Traditional",4,3,3,2,3,4,4,5,4,4,4,5,5,5,5,4,5,4,4,1,3,5,5,5,4,5,4,5,4,3,4,NA,4,4,5,5,4,4,5,5,4,4,5,4,4,4,5,4,5
106,"AVI",2,4,4,2,4,4,5,4,2,5,5,2,5,1,2,2,1,1,5,5,5,1,5,1,5,5,1,4,5,5,5,5,5,5,5,4,4,4,5,4,4,4,5,5,4,5,2,3,4
106,"Traditional",4,4,5,4,4,4,4,2,5,5,5,5,5,5,5,5,5,5,5,5,5,5,5,5,5,5,5,5,5,5,4,5,5,4,5,4,4,4,5,5,3,4,3,5,4,2,3,2,4
107,"AVI",1,2,4,2,3,4,5,2,5,5,5,3,4,4,2,1,1,1,5,4,5,5,5,4,5,5,2,4,3,4,4,3,5,3,5,5,3,3,4,5,3,3,3,2,3,5,4,5,2
107,"Traditional",4,3,3,2,4,3,5,4,5,4,5,3,4,5,5,3,4,4,5,5,5,5,5,5,5,5,4,5,5,4,5,5,4,3,5,4,3,3,4,4,3,4,4,4,3,3,3,2,3
108,"AVI",2,2,4,3,2,4,4,2,5,4,3,2,2,4,2,2,1,2,2,2,2,2,1,4,2,4,2,2,3,3,2,2,2,2,3,3,3,2,3,2,2,2,2,2,2,4,2,3,3
108,"Traditional",5,4,4,4,4,4,4,2,4,5,5,5,5,5,5,4,4,4,4,5,4,5,4,5,4,5,4,4,4,4,4,4,5,4,5,3,4,4,4,5,3,4,2,5,4,3,2,2,4
109,"AVI",1,2,2,2,1,1,5,5,5,4,3,3,3,1,1,1,1,1,3,3,3,3,3,3,2,3,4,3,3,3,3,3,4,2,2,4,5,4,3,2,2,2,2,2,2,5,2,1,1
109,"Traditional",4,4,4,3,3,4,4,3,5,4,4,4,4,4,5,4,4,4,4,5,4,4,4,5,3,5,4,4,4,4,4,4,4,4,5,3,5,5,4,3,4,4,5,4,4,4,4,3,3
110,"AVI",3,2,3,3,2,2,3,4,5,5,5,3,4,1,1,4,1,1,2,4,4,4,4,5,3,5,4,4,4,3,2,2,3,5,4,5,4,1,4,3,5,2,5,1,1,5,3,2,4
110,"Traditional",3,3,5,2,4,3,4,2,5,4,5,3,5,5,5,5,4,4,5,5,5,5,5,5,3,5,5,4,5,5,4,5,5,4,2,2,4,5,4,4,4,2,5,3,4,3,4,1,3
111,"AVI",2,2,4,2,5,5,5,4,5,5,5,2,4,1,1,2,1,1,2,1,2,2,3,2,2,1,2,2,3,3,2,3,2,3,2,2,4,3,3,3,2,3,3,2,2,3,2,2,2
111,"Traditional",4,4,5,2,2,4,5,4,4,4,5,5,5,4,5,4,5,5,4,4,4,5,4,4,4,5,4,4,4,4,4,4,4,4,4,2,4,3,4,4,3,4,4,4,3,3,4,2,4
112,"AVI",4,5,5,3,2,5,5,5,5,5,4,3,4,1,1,1,1,1,4,4,4,5,5,4,3,5,4,4,4,4,3,4,4,3,4,5,5,5,3,2,3,2,1,1,3,5,5,5,5
112,"Traditional",4,3,4,3,3,4,5,4,4,5,5,4,4,5,5,4,4,4,5,5,5,4,4,5,4,5,4,5,4,5,4,4,5,5,4,2,5,3,4,3,3,3,4,3,3,4,4,3,5
113,"AVI",3,5,2,1,1,5,5,2,5,5,4,5,5,1,1,1,1,1,4,4,4,5,5,4,2,5,2,2,2,4,4,2,4,1,4,1,1,1,4,1,1,1,1,1,5,5,5,1,5
113,"Traditional",5,4,5,4,5,5,2,4,5,5,5,5,5,4,5,5,4,5,5,4,5,5,5,5,4,5,5,5,4,5,5,4,5,5,5,3,5,5,5,5,4,3,5,5,5,3,5,2,5
114,"AVI",4,5,5,3,5,3,4,4,5,5,5,5,4,5,5,5,4,4,5,5,5,4,5,5,5,3,5,4,4,5,5,4,3,4,5,2,5,3,5,5,3,5,4,5,5,3,5,4,3
114,"Traditional",5,4,5,4,5,4,5,4,1,5,5,4,4,3,2,3,2,2,2,4,4,3,3,4,4,3,5,4,5,5,4,5,4,5,5,4,5,5,5,4,4,5,3,4,4,5,3,3,5
115,"AVI",2,3,3,1,2,3,4,3,5,3,3,3,3,2,2,2,1,1,4,2,2,3,3,3,2,3,1,3,3,3,2,2,4,2,2,3,3,4,2,2,2,2,3,1,1,3,2,2,2
115,"Traditional",3,4,NA,3,4,1,4,3,4,5,5,4,5,5,5,4,5,5,4,5,4,5,4,4,4,5,5,5,5,4,4,4,5,4,5,3,3,4,4,5,4,4,4,4,4,4,3,2,4
116,"AVI",4,2,4,2,4,2,5,2,5,5,5,5,5,1,1,2,1,1,5,4,4,4,4,5,4,4,3,4,4,4,4,4,4,4,5,5,3,4,3,5,3,3,5,5,4,5,4,3,5
116,"Traditional",4,3,4,2,4,5,1,2,5,5,5,4,4,4,5,3,5,4,5,4,3,3,4,5,4,5,3,4,4,5,4,4,3,3,2,2,2,3,2,2,3,5,3,4,4,2,1,2,5
117,"AVI",5,3,5,3,2,3,5,3,5,5,5,3,5,2,3,3,2,2,5,4,5,5,5,5,5,5,5,5,5,4,4,4,4,4,5,4,5,5,5,3,4,2,5,2,2,4,5,4,4
117,"Traditional",4,5,3,3,2,4,5,2,3,5,5,5,5,5,5,4,5,5,5,5,5,5,5,5,5,5,5,5,5,5,5,5,5,4,5,4,4,5,5,5,5,5,5,5,5,3,3,3,5
118,"AVI",1,1,4,1,2,1,4,2,5,4,4,3,2,1,1,1,1,1,3,2,2,4,2,4,2,4,2,3,3,4,2,3,4,3,3,3,2,2,3,2,2,1,2,1,2,4,2,3,1
118,"Traditional",5,4,5,2,5,4,4,2,5,5,4,4,5,4,5,4,4,5,4,4,4,4,4,4,3,4,3,4,3,4,4,4,4,4,3,5,4,3,4,2,4,3,2,3,4,3,3,5,3
119,"AVI",4,4,4,4,4,4,4,4,4,4,4,4,4,4,4,4,4,4,4,2,4,4,4,4,4,4,4,4,4,4,4,4,4,5,5,5,5,5,5,5,5,5,5,5,5,5,5,5,5
119,"Traditional",4,4,5,4,4,4,4,4,3,5,5,5,5,4,5,4,4,4,4,2,4,4,4,4,4,4,4,4,4,4,4,4,4,5,5,5,3,5,5,5,5,5,5,5,5,5,5,5,5
120,"AVI",2,1,2,1,1,1,5,2,5,5,4,3,4,2,1,1,1,1,4,5,3,4,3,3,3,4,4,4,4,3,3,4,4,3,3,5,3,2,3,4,3,2,2,2,2,5,3,4,2
120,"Traditional",3,4,5,2,2,3,2,1,4,4,5,5,5,5,4,3,4,4,3,5,4,4,4,3,3,5,4,3,4,4,4,3,4,4,3,1,4,3,4,3,3,3,3,3,3,2,2,2,4
121,"AVI",2,2,4,2,4,3,5,2,5,5,5,4,2,1,1,1,1,1,4,4,2,4,3,4,4,4,4,3,3,4,4,3,4,4,4,4,4,2,3,2,2,2,2,2,2,4,3,4,4
121,"Traditional",5,3,4,4,2,4,4,2,4,5,5,3,5,4,4,2,2,4,5,3,5,4,5,5,4,5,5,5,5,5,5,5,4,4,4,2,3,4,4,3,3,3,4,4,3,2,4,2,3
122,"AVI",1,1,1,1,1,1,5,1,1,4,4,4,1,1,2,1,2,1,3,1,2,3,4,2,1,2,2,1,2,2,2,2,4,1,1,1,3,1,2,1,2,1,1,1,1,1,3,1,1
122,"Traditional",3,2,2,1,2,1,2,1,5,3,3,4,4,4,3,2,5,5,3,4,4,4,4,3,4,4,3,3,3,3,3,3,5,3,3,3,3,3,3,3,3,3,3,3,3,3,3,3,3
123,"AVI",1,1,4,1,1,2,4,4,4,3,4,4,4,1,1,5,2,2,2,2,2,4,2,2,1,4,2,2,3,3,2,2,3,2,2,5,4,2,3,2,3,2,3,2,3,5,4,4,3
123,"Traditional",4,2,5,2,4,4,5,3,3,4,5,4,5,5,2,3,2,3,4,4,4,5,4,5,3,5,4,4,4,4,3,4,3,3,4,3,3,4,4,5,4,4,4,4,4,2,3,2,4
124,"AVI",4,2,5,2,4,4,4,5,5,5,2,2,3,2,2,3,2,2,3,2,4,4,3,4,2,4,2,2,3,3,2,3,4,5,4,5,4,3,4,3,4,2,5,2,3,5,5,5,3
124,"Traditional",4,5,5,2,2,5,5,4,2,5,5,3,3,4,5,4,2,4,4,4,4,4,5,5,3,5,5,4,5,4,2,5,5,4,4,2,4,2,3,5,4,3,4,4,2,2,4,2,4
125,"AVI",1,2,4,1,2,5,5,3,5,5,2,1,3,1,1,2,1,1,2,1,1,2,2,2,1,4,2,1,2,3,1,4,4,5,5,5,5,2,3,1,5,2,1,1,1,4,3,5,2
125,"Traditional",5,5,5,3,5,5,5,4,5,5,5,5,5,5,5,4,5,5,5,5,5,5,5,5,5,5,5,5,5,5,5,5,5,3,4,3,5,5,5,4,5,5,4,5,5,2,5,2,3
126,"AVI",4,3,3,2,2,3,4,1,3,4,3,4,3,3,3,3,3,3,3,4,3,5,4,5,4,4,4,3,2,2,3,3,3,4,3,4,4,4,4,4,3,3,3,4,3,3,3,3,3
126,"Traditional",3,2,3,4,3,2,2,2,4,4,4,2,3,4,4,3,2,3,4,3,3,2,3,4,1,3,2,3,2,2,3,2,3,4,4,3,4,4,4,3,4,3,4,4,3,3,3,3,4
127,"AVI",5,2,4,2,1,4,5,2,5,4,3,3,4,2,3,2,2,3,3,3,4,5,4,5,5,5,4,4,5,3,4,4,5,2,5,5,3,3,4,3,4,3,2,2,3,3,4,3,3
127,"Traditional",4,3,4,2,2,3,3,2,2,4,5,4,4,3,5,4,4,4,5,4,4,5,4,5,5,5,5,4,5,4,5,4,4,5,4,2,3,4,4,5,4,5,5,4,3,3,5,5,3
128,"AVI",1,2,4,2,2,2,4,2,5,2,4,4,2,4,4,2,1,1,4,2,2,2,2,4,2,4,2,2,4,3,4,3,4,3,2,3,3,3,3,3,3,2,4,2,2,4,4,4,4
128,"Traditional",5,3,5,4,4,4,4,2,5,4,5,5,4,5,5,5,4,2,5,5,4,4,5,5,5,5,5,4,5,4,4,4,5,4,4,3,4,3,4,4,5,3,5,4,4,4,2,3,5
129,"AVI",2,2,4,2,2,4,4,4,5,4,3,3,2,1,2,2,2,2,3,2,2,2,2,3,2,4,3,2,3,2,3,2,3,4,3,3,3,2,3,4,3,2,3,2,3,3,3,4,3
129,"Traditional",4,3,5,2,3,4,4,3,4,4,4,3,4,4,4,4,4,3,5,5,4,4,5,4,4,5,4,4,5,5,3,4,5,3,4,4,5,4,4,5,4,5,3,4,5,5,4,2,3
130,"AVI",2,2,4,2,4,3,2,3,5,4,4,3,3,5,3,3,2,2,2,2,2,4,4,4,2,4,2,2,3,3,3,3,2,3,3,4,2,2,3,2,2,2,2,2,3,4,3,3,5
130,"Traditional",4,3,4,3,4,4,4,4,4,4,4,4,5,4,4,4,4,4,4,4,4,4,4,4,4,4,3,4,3,4,4,3,4,3,3,3,3,3,4,2,3,2,3,4,3,2,3,3,3
131,"AVI",2,3,3,2,2,2,2,3,2,3,4,4,4,4,4,3,3,3,2,3,3,3,2,4,2,4,3,3,3,3,3,2,3,3,3,3,3,3,3,3,3,3,3,3,3,3,3,3,3
131,"Traditional",4,4,4,4,4,4,4,4,4,4,4,4,4,4,4,4,4,4,4,4,4,4,4,4,4,4,3,4,4,2,4,4,4,4,4,4,4,4,4,4,4,4,4,4,4,4,4,4,4
132,"AVI",4,4,4,3,3,2,4,2,4,4,4,4,3,2,3,2,3,3,4,4,3,5,4,4,4,4,4,4,4,5,3,3,4,4,4,3,4,4,4,4,4,4,4,4,4,4,4,3,4
132,"Traditional",3,2,4,3,4,2,2,2,3,4,4,4,3,5,5,3,3,4,4,4,4,4,4,4,4,4,4,4,4,3,4,3,4,4,4,3,4,4,4,4,4,4,4,4,4,4,4,3,4
133,"AVI",4,2,4,1,1,1,2,1,2,4,3,4,1,1,4,5,1,1,4,4,5,4,4,5,2,5,5,4,5,4,5,4,5,1,1,3,3,2,5,1,3,2,2,1,1,4,4,5,5
133,"Traditional",4,2,2,4,5,4,4,4,3,4,5,4,5,5,4,5,5,5,5,5,5,5,5,5,5,5,5,5,5,5,4,4,3,5,5,3,4,5,3,5,4,4,4,5,4,3,4,3,5
134,"AVI",2,3,4,1,2,4,4,1,3,4,4,4,4,2,3,2,1,2,4,4,3,5,2,3,3,3,3,3,4,4,4,4,4,4,3,5,3,2,3,4,2,2,3,1,2,5,4,4,3
134,"Traditional",5,4,4,4,4,3,3,4,2,4,4,3,4,4,4,4,4,4,4,5,4,4,4,3,NA,4,4,3,3,4,4,4,4,5,3,3,4,3,4,4,4,4,4,4,3,2,2,2,4
135,"AVI",1,1,3,1,1,1,5,5,5,3,3,3,1,1,1,1,1,1,3,4,3,4,4,3,2,5,5,3,3,4,3,2,5,4,1,2,3,2,2,1,4,2,2,1,1,3,2,3,1
135,"Traditional",5,3,5,3,3,5,4,5,2,4,5,5,5,5,5,5,5,5,5,5,4,4,5,5,4,5,5,5,4,5,4,4,5,4,5,4,2,2,5,5,4,5,5,4,5,5,5,5,5
136,"AVI",4,3,4,1,3,2,4,3,4,4,4,5,3,4,4,2,3,3,4,3,2,4,4,4,2,4,4,4,4,3,3,2,3,4,4,2,4,2,2,3,3,3,3,4,3,3,2,2,3
136,"Traditional",4,1,4,1,1,3,5,1,2,4,5,5,4,5,5,5,4,4,4,4,3,3,4,4,2,4,4,5,4,4,3,4,5,3,2,4,2,4,5,3,2,4,3,4,5,3,2,2,3
137,"AVI",2,2,3,2,4,3,4,1,5,4,3,3,4,2,2,2,1,1,3,4,3,4,2,3,2,4,3,3,4,3,4,4,4,3,5,5,4,1,3,3,5,3,2,2,3,5,4,4,4
137,"Traditional",5,4,5,2,4,4,4,2,4,5,5,5,5,5,5,5,5,5,4,5,4,4,4,5,5,4,3,3,3,3,3,5,5,4,4,1,5,4,4,5,5,4,4,5,3,2,3,1,4
138,"AVI",2,1,2,2,3,3,3,2,2,3,4,3,4,3,3,2,2,2,2,3,3,4,3,2,2,3,2,2,2,2,3,2,2,3,3,3,3,4,4,3,3,2,4,4,3,4,3,2,3
138,"Traditional",3,2,4,3,2,3,3,2,4,4,3,3,3,4,4,2,4,4,3,4,4,4,4,3,3,3,3,4,4,3,3,3,4,5,5,3,5,3,5,3,5,3,3,4,5,5,5,4,5
139,"AVI",3,2,2,1,1,4,4,2,5,3,1,1,1,1,1,1,1,1,3,3,3,4,2,2,3,2,1,2,2,3,3,3,3,3,5,1,4,5,5,5,5,5,5,5,5,4,1,5,5
139,"Traditional",3,1,3,1,4,2,1,1,5,3,5,3,5,5,5,3,4,5,3,3,3,4,3,3,3,5,3,3,3,3,3,3,3,3,5,3,3,5,5,4,5,5,5,5,5,3,4,3,4
140,"AVI",1,1,3,2,2,4,4,4,3,4,4,3,3,2,2,2,3,2,3,4,3,5,2,3,2,1,3,2,5,2,4,3,4,5,3,5,3,3,4,2,3,2,2,2,2,5,3,5,4
140,"Traditional",2,2,3,2,4,1,1,2,4,3,4,3,4,5,5,5,4,4,4,3,4,4,4,4,4,4,3,4,3,3,3,3,4,3,4,1,4,4,4,4,4,3,3,4,3,2,3,2,5
141,"AVI",4,3,4,2,2,4,2,2,2,3,3,3,2,2,2,2,1,1,5,5,5,5,5,5,5,5,5,4,5,5,5,5,5,5,5,5,5,5,5,5,5,5,4,5,5,5,5,5,5
141,"Traditional",5,4,5,4,5,5,4,4,5,5,5,5,5,5,5,5,5,5,5,4,5,5,5,5,5,5,5,5,5,5,5,5,5,5,5,4,5,5,5,5,5,5,5,5,4,5,5,4,5
142,"AVI",3,3,4,2,3,2,4,2,5,4,4,4,4,2,2,3,2,2,3,4,4,4,4,4,3,4,2,3,3,3,2,4,4,3,3,3,3,3,3,2,3,2,2,2,2,4,4,3,2
142,"Traditional",3,3,5,3,3,3,3,2,5,4,4,4,4,4,5,4,4,4,3,4,4,4,4,4,4,4,3,4,4,3,4,3,4,3,3,2,3,4,3,4,3,4,3,4,4,3,3,2,3
143,"AVI",2,2,4,2,4,4,5,4,5,5,5,3,4,4,5,4,3,4,5,5,5,5,5,5,5,5,5,5,5,5,5,5,5,4,4,4,5,4,4,3,4,NA,4,4,4,4,4,3,3
143,"Traditional",3,5,5,4,5,2,4,2,1,4,5,5,5,5,5,5,5,5,5,5,5,5,5,5,5,5,5,5,5,5,5,5,3,3,4,3,3,4,4,3,4,3,4,5,4,3,3,3,5
144,"AVI",1,1,2,1,1,4,5,5,4,4,4,1,1,4,1,3,1,1,4,2,1,3,1,3,2,2,3,4,3,5,4,4,5,5,5,5,4,4,3,1,2,1,1,1,1,5,3,3,3
144,"Traditional",4,4,3,1,3,3,5,1,5,5,5,5,3,5,5,5,5,5,4,5,3,5,5,5,5,5,5,4,4,3,5,5,3,2,5,5,5,4,5,3,2,4,5,4,4,3,3,2,4
145,"AVI",1,1,1,1,1,1,3,1,1,3,3,3,3,3,4,2,3,3,4,3,4,3,3,4,1,4,3,2,3,3,3,2,2,4,5,3,3,4,5,3,4,5,5,4,5,5,4,5,5
145,"Traditional",1,1,5,1,5,2,3,1,3,3,3,3,3,3,3,2,3,3,3,3,3,3,3,3,3,3,3,3,3,3,3,3,3,5,5,5,5,3,5,3,2,5,3,4,5,5,5,5,5
